<ObjectType>;<ObjectID>;<ConduitType>;<Postion>;<Color/Type>;<CableID>;<CableLenght[m]>
Node;POP.KL;-;0;PoP;;0
ConduitLink;VL-AVt.KL.0001-POP.KL-01;SRV-G 7 x 16x2.0;1;RED;*[CabL]:MFG-001004.1<-->POP-000001.1(1);27
ConduitLink;VL-AVt.KL.0001-POP.KL-01;SRV-G 7 x 16x2.0;2;GREEN;;0
ConduitLink;VL-AVt.KL.0001-POP.KL-01;SRV-G 7 x 16x2.0;3;BLUE;;0
ConduitLink;VL-AVt.KL.0001-POP.KL-01;SRV-G 7 x 16x2.0;4;YELLOW;;0
ConduitLink;VL-AVt.KL.0001-POP.KL-01;SRV-G 7 x 16x2.0;5;WHITE;;0
ConduitLink;VL-AVt.KL.0001-POP.KL-01;SRV-G 7 x 16x2.0;6;GREY;;0
ConduitLink;VL-AVt.KL.0001-POP.KL-01;SRV-G 7 x 16x2.0;7;BROWN;;0
Node;KSch.KL.0029;-;0;Handhole;;0
ConduitLink;VL-AVt.KL.0001-POP.KL-01;SRV-G 7 x 16x2.0;1;RED;*[CabL]:MFG-001004.1<-->POP-000001.1(1);789
ConduitLink;VL-AVt.KL.0001-POP.KL-01;SRV-G 7 x 16x2.0;2;GREEN;;0
ConduitLink;VL-AVt.KL.0001-POP.KL-01;SRV-G 7 x 16x2.0;3;BLUE;;0
ConduitLink;VL-AVt.KL.0001-POP.KL-01;SRV-G 7 x 16x2.0;4;YELLOW;;0
ConduitLink;VL-AVt.KL.0001-POP.KL-01;SRV-G 7 x 16x2.0;5;WHITE;;0
ConduitLink;VL-AVt.KL.0001-POP.KL-01;SRV-G 7 x 16x2.0;6;GREY;;0
ConduitLink;VL-AVt.KL.0001-POP.KL-01;SRV-G 7 x 16x2.0;7;BROWN;;0
Node;ZS.KL.0004;-;0;Pulling Box;;0
ConduitLink;VL-AVt.KL.0001-POP.KL-01;SRV-G 7 x 16x2.0;1;RED;*[CabL]:MFG-001004.1<-->POP-000001.1(1);809
ConduitLink;VL-AVt.KL.0001-POP.KL-01;SRV-G 7 x 16x2.0;2;GREEN;;0
ConduitLink;VL-AVt.KL.0001-POP.KL-01;SRV-G 7 x 16x2.0;3;BLUE;;0
ConduitLink;VL-AVt.KL.0001-POP.KL-01;SRV-G 7 x 16x2.0;4;YELLOW;;0
ConduitLink;VL-AVt.KL.0001-POP.KL-01;SRV-G 7 x 16x2.0;5;WHITE;;0
ConduitLink;VL-AVt.KL.0001-POP.KL-01;SRV-G 7 x 16x2.0;6;GREY;;0
ConduitLink;VL-AVt.KL.0001-POP.KL-01;SRV-G 7 x 16x2.0;7;BROWN;;0
Node;AVt.KL.0001;-;0;MFG18-Sockel;;0
Empty;;-;0;;;0
Node;POP.KL;-;0;PoP;;0
ConduitLink;VL-AVt.KL.0002-POP.KL-01;SRV-G 7 x 16x2.0;1;RED;*[CabL]:MFG-001920.1<-->POP-000001.1(1);27
ConduitLink;VL-AVt.KL.0002-POP.KL-01;SRV-G 7 x 16x2.0;2;GREEN;;0
ConduitLink;VL-AVt.KL.0002-POP.KL-01;SRV-G 7 x 16x2.0;3;BLUE;;0
ConduitLink;VL-AVt.KL.0002-POP.KL-01;SRV-G 7 x 16x2.0;4;YELLOW;;0
ConduitLink;VL-AVt.KL.0002-POP.KL-01;SRV-G 7 x 16x2.0;5;WHITE;;0
ConduitLink;VL-AVt.KL.0002-POP.KL-01;SRV-G 7 x 16x2.0;6;GREY;;0
ConduitLink;VL-AVt.KL.0002-POP.KL-01;SRV-G 7 x 16x2.0;7;BROWN;;0
Node;KSch.KL.0029;-;0;Handhole;;0
ConduitLink;VL-AVt.KL.0002-POP.KL-01;SRV-G 7 x 16x2.0;1;RED;*[CabL]:MFG-001920.1<-->POP-000001.1(1);175
ConduitLink;VL-AVt.KL.0002-POP.KL-01;SRV-G 7 x 16x2.0;2;GREEN;;0
ConduitLink;VL-AVt.KL.0002-POP.KL-01;SRV-G 7 x 16x2.0;3;BLUE;;0
ConduitLink;VL-AVt.KL.0002-POP.KL-01;SRV-G 7 x 16x2.0;4;YELLOW;;0
ConduitLink;VL-AVt.KL.0002-POP.KL-01;SRV-G 7 x 16x2.0;5;WHITE;;0
ConduitLink;VL-AVt.KL.0002-POP.KL-01;SRV-G 7 x 16x2.0;6;GREY;;0
ConduitLink;VL-AVt.KL.0002-POP.KL-01;SRV-G 7 x 16x2.0;7;BROWN;;0
Node;KSch.KL.0106;-;0;Handhole;;0
ConduitLink;VL-AVt.KL.0002-POP.KL-01;SRV-G 7 x 16x2.0;1;RED;*[CabL]:MFG-001920.1<-->POP-000001.1(1);56
ConduitLink;VL-AVt.KL.0002-POP.KL-01;SRV-G 7 x 16x2.0;2;GREEN;*[CabL]:M-002665.1<-->MFG-001920.1(1);56
ConduitLink;VL-AVt.KL.0002-POP.KL-01;SRV-G 7 x 16x2.0;3;BLUE;;0
ConduitLink;VL-AVt.KL.0002-POP.KL-01;SRV-G 7 x 16x2.0;4;YELLOW;;0
ConduitLink;VL-AVt.KL.0002-POP.KL-01;SRV-G 7 x 16x2.0;5;WHITE;;0
ConduitLink;VL-AVt.KL.0002-POP.KL-01;SRV-G 7 x 16x2.0;6;GREY;;0
ConduitLink;VL-AVt.KL.0002-POP.KL-01;SRV-G 7 x 16x2.0;7;BROWN;;0
Node;AVt.KL.0002;-;0;MFG18-Sockel;;0
Empty;;-;0;;;0
Node;POP.KL;-;0;PoP;;0
ConduitLink;VL-AVt.KL.0003-POP.KL-01;SRV-G 7 x 16x2.0;1;RED;*[CabL]:MFG-001921.1<-->POP-000001.1(2);27
ConduitLink;VL-AVt.KL.0003-POP.KL-01;SRV-G 7 x 16x2.0;2;GREEN;*[CabL]:MFG-001921.1<-->POP-000001.1(1);27
ConduitLink;VL-AVt.KL.0003-POP.KL-01;SRV-G 7 x 16x2.0;3;BLUE;;0
ConduitLink;VL-AVt.KL.0003-POP.KL-01;SRV-G 7 x 16x2.0;4;YELLOW;;0
ConduitLink;VL-AVt.KL.0003-POP.KL-01;SRV-G 7 x 16x2.0;5;WHITE;;0
ConduitLink;VL-AVt.KL.0003-POP.KL-01;SRV-G 7 x 16x2.0;6;GREY;;0
ConduitLink;VL-AVt.KL.0003-POP.KL-01;SRV-G 7 x 16x2.0;7;BROWN;;0
Node;KSch.KL.0029;-;0;Handhole;;0
ConduitLink;VL-AVt.KL.0003-POP.KL-01;SRV-G 7 x 16x2.0;1;RED;*[CabL]:MFG-001921.1<-->POP-000001.1(2);324
ConduitLink;VL-AVt.KL.0003-POP.KL-01;SRV-G 7 x 16x2.0;2;GREEN;*[CabL]:MFG-001921.1<-->POP-000001.1(1);324
ConduitLink;VL-AVt.KL.0003-POP.KL-01;SRV-G 7 x 16x2.0;3;BLUE;;0
ConduitLink;VL-AVt.KL.0003-POP.KL-01;SRV-G 7 x 16x2.0;4;YELLOW;;0
ConduitLink;VL-AVt.KL.0003-POP.KL-01;SRV-G 7 x 16x2.0;5;WHITE;;0
ConduitLink;VL-AVt.KL.0003-POP.KL-01;SRV-G 7 x 16x2.0;6;GREY;;0
ConduitLink;VL-AVt.KL.0003-POP.KL-01;SRV-G 7 x 16x2.0;7;BROWN;;0
Node;*[DctP]:FP-001205;-;0;Fitting Point;;0
ConduitLink;VL-AVt.KL.0003-POP.KL-01;SRV-G 7 x 16x2.0;1;RED;*[CabL]:MFG-001921.1<-->POP-000001.1(2);175
ConduitLink;VL-AVt.KL.0003-POP.KL-01;SRV-G 7 x 16x2.0;2;GREEN;*[CabL]:MFG-001921.1<-->POP-000001.1(1);175
ConduitLink;VL-AVt.KL.0003-POP.KL-01;SRV-G 7 x 16x2.0;3;BLUE;*[CabL]:M-001526.1<-->MFG-001921.1(1);175
ConduitLink;VL-AVt.KL.0003-POP.KL-01;SRV-G 7 x 16x2.0;4;YELLOW;;0
ConduitLink;VL-AVt.KL.0003-POP.KL-01;SRV-G 7 x 16x2.0;5;WHITE;;0
ConduitLink;VL-AVt.KL.0003-POP.KL-01;SRV-G 7 x 16x2.0;6;GREY;;0
ConduitLink;VL-AVt.KL.0003-POP.KL-01;SRV-G 7 x 16x2.0;7;BROWN;;0
Node;AVt.KL.0003;-;0;MFG18-Sockel;;0
Empty;;-;0;;;0
Node;*[DctP]:FP-001205;-;0;Fitting Point;;0
ConduitLink;VL-AVt.KL.0003-POP.KL-02;SRV-G 7 x 16x2.0;1;RED;;0
ConduitLink;VL-AVt.KL.0003-POP.KL-02;SRV-G 7 x 16x2.0;2;GREEN;;0
ConduitLink;VL-AVt.KL.0003-POP.KL-02;SRV-G 7 x 16x2.0;3;BLUE;*[CabL]:M-001526.1<-->MFG-001921.1(1);3
ConduitLink;VL-AVt.KL.0003-POP.KL-02;SRV-G 7 x 16x2.0;4;YELLOW;;0
ConduitLink;VL-AVt.KL.0003-POP.KL-02;SRV-G 7 x 16x2.0;5;WHITE;;0
ConduitLink;VL-AVt.KL.0003-POP.KL-02;SRV-G 7 x 16x2.0;6;GREY;;0
ConduitLink;VL-AVt.KL.0003-POP.KL-02;SRV-G 7 x 16x2.0;7;BROWN;;0
Node;KSch.KL.0080;-;0;Handhole;;0
Empty;;-;0;;;0
Node;POP.KL;-;0;PoP;;0
ConduitLink;VL-AVt.KL.0004-POP.KL-01;SRV-G 7 x 16x2.0;1;RED;*[CabL]:MFG-002118.1<-->POP-000001.1(2);27
ConduitLink;VL-AVt.KL.0004-POP.KL-01;SRV-G 7 x 16x2.0;2;GREEN;*[CabL]:M-000955.1<-->POP-000001.1(1);27
ConduitLink;VL-AVt.KL.0004-POP.KL-01;SRV-G 7 x 16x2.0;3;BLUE;*[CabL]:MFG-002118.1<-->POP-000001.1(1);27
ConduitLink;VL-AVt.KL.0004-POP.KL-01;SRV-G 7 x 16x2.0;4;YELLOW;;0
ConduitLink;VL-AVt.KL.0004-POP.KL-01;SRV-G 7 x 16x2.0;5;WHITE;;0
ConduitLink;VL-AVt.KL.0004-POP.KL-01;SRV-G 7 x 16x2.0;6;GREY;;0
ConduitLink;VL-AVt.KL.0004-POP.KL-01;SRV-G 7 x 16x2.0;7;BROWN;;0
Node;KSch.KL.0029;-;0;Handhole;;0
ConduitLink;VL-AVt.KL.0004-POP.KL-01;SRV-G 7 x 16x2.0;1;RED;*[CabL]:MFG-002118.1<-->POP-000001.1(2);332
ConduitLink;VL-AVt.KL.0004-POP.KL-01;SRV-G 7 x 16x2.0;2;GREEN;*[CabL]:M-000955.1<-->POP-000001.1(1);332
ConduitLink;VL-AVt.KL.0004-POP.KL-01;SRV-G 7 x 16x2.0;3;BLUE;*[CabL]:MFG-002118.1<-->POP-000001.1(1);332
ConduitLink;VL-AVt.KL.0004-POP.KL-01;SRV-G 7 x 16x2.0;4;YELLOW;;0
ConduitLink;VL-AVt.KL.0004-POP.KL-01;SRV-G 7 x 16x2.0;5;WHITE;;0
ConduitLink;VL-AVt.KL.0004-POP.KL-01;SRV-G 7 x 16x2.0;6;GREY;;0
ConduitLink;VL-AVt.KL.0004-POP.KL-01;SRV-G 7 x 16x2.0;7;BROWN;;0
Node;KSch.KL.0115;-;0;Handhole;;0
ConduitLink;VL-AVt.KL.0004-POP.KL-01;SRV-G 7 x 16x2.0;1;RED;*[CabL]:MFG-002118.1<-->POP-000001.1(2);122
ConduitLink;VL-AVt.KL.0004-POP.KL-01;SRV-G 7 x 16x2.0;2;GREEN;;0
ConduitLink;VL-AVt.KL.0004-POP.KL-01;SRV-G 7 x 16x2.0;3;BLUE;*[CabL]:MFG-002118.1<-->POP-000001.1(1);122
ConduitLink;VL-AVt.KL.0004-POP.KL-01;SRV-G 7 x 16x2.0;4;YELLOW;;0
ConduitLink;VL-AVt.KL.0004-POP.KL-01;SRV-G 7 x 16x2.0;5;WHITE;;0
ConduitLink;VL-AVt.KL.0004-POP.KL-01;SRV-G 7 x 16x2.0;6;GREY;;0
ConduitLink;VL-AVt.KL.0004-POP.KL-01;SRV-G 7 x 16x2.0;7;BROWN;;0
Node;KSch.KL.0030;-;0;Handhole;;0
ConduitLink;VL-AVt.KL.0004-POP.KL-01;SRV-G 7 x 16x2.0;1;RED;*[CabL]:MFG-002118.1<-->POP-000001.1(2);826
ConduitLink;VL-AVt.KL.0004-POP.KL-01;SRV-G 7 x 16x2.0;2;GREEN;;0
ConduitLink;VL-AVt.KL.0004-POP.KL-01;SRV-G 7 x 16x2.0;3;BLUE;*[CabL]:MFG-002118.1<-->POP-000001.1(1);826
ConduitLink;VL-AVt.KL.0004-POP.KL-01;SRV-G 7 x 16x2.0;4;YELLOW;;0
ConduitLink;VL-AVt.KL.0004-POP.KL-01;SRV-G 7 x 16x2.0;5;WHITE;;0
ConduitLink;VL-AVt.KL.0004-POP.KL-01;SRV-G 7 x 16x2.0;6;GREY;;0
ConduitLink;VL-AVt.KL.0004-POP.KL-01;SRV-G 7 x 16x2.0;7;BROWN;;0
Node;KSch.KL.0075;-;0;Manhole;;0
ConduitLink;VL-AVt.KL.0004-POP.KL-01;SRV-G 7 x 16x2.0;1;RED;*[CabL]:MFG-002118.1<-->POP-000001.1(2);1468
ConduitLink;VL-AVt.KL.0004-POP.KL-01;SRV-G 7 x 16x2.0;2;GREEN;;0
ConduitLink;VL-AVt.KL.0004-POP.KL-01;SRV-G 7 x 16x2.0;3;BLUE;*[CabL]:MFG-002118.1<-->POP-000001.1(1);1468
ConduitLink;VL-AVt.KL.0004-POP.KL-01;SRV-G 7 x 16x2.0;4;YELLOW;;0
ConduitLink;VL-AVt.KL.0004-POP.KL-01;SRV-G 7 x 16x2.0;5;WHITE;;0
ConduitLink;VL-AVt.KL.0004-POP.KL-01;SRV-G 7 x 16x2.0;6;GREY;;0
ConduitLink;VL-AVt.KL.0004-POP.KL-01;SRV-G 7 x 16x2.0;7;BROWN;;0
Node;ZS.KL.0001;-;0;Pulling Box;;0
ConduitLink;VL-AVt.KL.0004-POP.KL-01;SRV-G 7 x 16x2.0;1;RED;*[CabL]:MFG-002118.1<-->POP-000001.1(2);250
ConduitLink;VL-AVt.KL.0004-POP.KL-01;SRV-G 7 x 16x2.0;2;GREEN;;0
ConduitLink;VL-AVt.KL.0004-POP.KL-01;SRV-G 7 x 16x2.0;3;BLUE;*[CabL]:MFG-002118.1<-->POP-000001.1(1);250
ConduitLink;VL-AVt.KL.0004-POP.KL-01;SRV-G 7 x 16x2.0;4;YELLOW;;0
ConduitLink;VL-AVt.KL.0004-POP.KL-01;SRV-G 7 x 16x2.0;5;WHITE;;0
ConduitLink;VL-AVt.KL.0004-POP.KL-01;SRV-G 7 x 16x2.0;6;GREY;;0
ConduitLink;VL-AVt.KL.0004-POP.KL-01;SRV-G 7 x 16x2.0;7;BROWN;;0
Node;KSch.KL.0087;-;0;Handhole;;0
ConduitLink;VL-AVt.KL.0004-POP.KL-01;SRV-G 7 x 16x2.0;1;RED;*[CabL]:MFG-002118.1<-->POP-000001.1(2);439
ConduitLink;VL-AVt.KL.0004-POP.KL-01;SRV-G 7 x 16x2.0;2;GREEN;;0
ConduitLink;VL-AVt.KL.0004-POP.KL-01;SRV-G 7 x 16x2.0;3;BLUE;*[CabL]:MFG-002118.1<-->POP-000001.1(1);439
ConduitLink;VL-AVt.KL.0004-POP.KL-01;SRV-G 7 x 16x2.0;4;YELLOW;*[CabL]:M-002105.1<-->MFG-002118.1(1);439
ConduitLink;VL-AVt.KL.0004-POP.KL-01;SRV-G 7 x 16x2.0;5;WHITE;;0
ConduitLink;VL-AVt.KL.0004-POP.KL-01;SRV-G 7 x 16x2.0;6;GREY;;0
ConduitLink;VL-AVt.KL.0004-POP.KL-01;SRV-G 7 x 16x2.0;7;BROWN;;0
Node;KSch.KL.0088;-;0;Handhole;;0
ConduitLink;VL-AVt.KL.0004-POP.KL-01;SRV-G 7 x 16x2.0;1;RED;*[CabL]:MFG-002118.1<-->POP-000001.1(2);730
ConduitLink;VL-AVt.KL.0004-POP.KL-01;SRV-G 7 x 16x2.0;2;GREEN;*[CabL]:M-002153.1<-->MFG-002118.1(1);730
ConduitLink;VL-AVt.KL.0004-POP.KL-01;SRV-G 7 x 16x2.0;3;BLUE;*[CabL]:MFG-002118.1<-->POP-000001.1(1);730
ConduitLink;VL-AVt.KL.0004-POP.KL-01;SRV-G 7 x 16x2.0;4;YELLOW;*[CabL]:M-002105.1<-->MFG-002118.1(1);730
ConduitLink;VL-AVt.KL.0004-POP.KL-01;SRV-G 7 x 16x2.0;5;WHITE;;0
ConduitLink;VL-AVt.KL.0004-POP.KL-01;SRV-G 7 x 16x2.0;6;GREY;;0
ConduitLink;VL-AVt.KL.0004-POP.KL-01;SRV-G 7 x 16x2.0;7;BROWN;;0
Node;ZS.KL.0030;-;0;Pulling Box;;0
ConduitLink;VL-AVt.KL.0004-POP.KL-01;SRV-G 7 x 16x2.0;1;RED;*[CabL]:MFG-002118.1<-->POP-000001.1(2);656
ConduitLink;VL-AVt.KL.0004-POP.KL-01;SRV-G 7 x 16x2.0;2;GREEN;*[CabL]:M-002153.1<-->MFG-002118.1(1);656
ConduitLink;VL-AVt.KL.0004-POP.KL-01;SRV-G 7 x 16x2.0;3;BLUE;*[CabL]:MFG-002118.1<-->POP-000001.1(1);656
ConduitLink;VL-AVt.KL.0004-POP.KL-01;SRV-G 7 x 16x2.0;4;YELLOW;*[CabL]:M-002105.1<-->MFG-002118.1(1);656
ConduitLink;VL-AVt.KL.0004-POP.KL-01;SRV-G 7 x 16x2.0;5;WHITE;;0
ConduitLink;VL-AVt.KL.0004-POP.KL-01;SRV-G 7 x 16x2.0;6;GREY;;0
ConduitLink;VL-AVt.KL.0004-POP.KL-01;SRV-G 7 x 16x2.0;7;BROWN;;0
Node;AVt.KL.0004;-;0;MFG18-Sockel;;0
Empty;;-;0;;;0
Node;POP.KL;-;0;PoP;;0
ConduitLink;VL-AVt.KL.0005-POP.KL-01;SRV-G 7 x 16x2.0;1;RED;*[CabL]:MFG-002650.1<-->POP-000001.1(1);27
ConduitLink;VL-AVt.KL.0005-POP.KL-01;SRV-G 7 x 16x2.0;2;GREEN;*[CabL]:M-002671.1<-->POP-000001.1(1);27
ConduitLink;VL-AVt.KL.0005-POP.KL-01;SRV-G 7 x 16x2.0;3;BLUE;;0
ConduitLink;VL-AVt.KL.0005-POP.KL-01;SRV-G 7 x 16x2.0;4;YELLOW;;0
ConduitLink;VL-AVt.KL.0005-POP.KL-01;SRV-G 7 x 16x2.0;5;WHITE;;0
ConduitLink;VL-AVt.KL.0005-POP.KL-01;SRV-G 7 x 16x2.0;6;GREY;;0
ConduitLink;VL-AVt.KL.0005-POP.KL-01;SRV-G 7 x 16x2.0;7;BROWN;;0
Node;KSch.KL.0029;-;0;Handhole;;0
ConduitLink;VL-AVt.KL.0005-POP.KL-01;SRV-G 7 x 16x2.0;1;RED;*[CabL]:MFG-002650.1<-->POP-000001.1(1);629
ConduitLink;VL-AVt.KL.0005-POP.KL-01;SRV-G 7 x 16x2.0;2;GREEN;*[CabL]:M-002671.1<-->POP-000001.1(1);629
ConduitLink;VL-AVt.KL.0005-POP.KL-01;SRV-G 7 x 16x2.0;3;BLUE;;0
ConduitLink;VL-AVt.KL.0005-POP.KL-01;SRV-G 7 x 16x2.0;4;YELLOW;;0
ConduitLink;VL-AVt.KL.0005-POP.KL-01;SRV-G 7 x 16x2.0;5;WHITE;;0
ConduitLink;VL-AVt.KL.0005-POP.KL-01;SRV-G 7 x 16x2.0;6;GREY;;0
ConduitLink;VL-AVt.KL.0005-POP.KL-01;SRV-G 7 x 16x2.0;7;BROWN;;0
Node;KSch.KL.0117;-;0;Handhole;;0
ConduitLink;VL-AVt.KL.0005-POP.KL-01;SRV-G 7 x 16x2.0;1;RED;*[CabL]:MFG-002650.1<-->POP-000001.1(1);369
ConduitLink;VL-AVt.KL.0005-POP.KL-01;SRV-G 7 x 16x2.0;2;GREEN;;0
ConduitLink;VL-AVt.KL.0005-POP.KL-01;SRV-G 7 x 16x2.0;3;BLUE;;0
ConduitLink;VL-AVt.KL.0005-POP.KL-01;SRV-G 7 x 16x2.0;4;YELLOW;;0
ConduitLink;VL-AVt.KL.0005-POP.KL-01;SRV-G 7 x 16x2.0;5;WHITE;;0
ConduitLink;VL-AVt.KL.0005-POP.KL-01;SRV-G 7 x 16x2.0;6;GREY;;0
ConduitLink;VL-AVt.KL.0005-POP.KL-01;SRV-G 7 x 16x2.0;7;BROWN;;0
Node;KSch.KL.0081;-;0;Handhole;;0
ConduitLink;VL-AVt.KL.0005-POP.KL-01;SRV-G 7 x 16x2.0;1;RED;*[CabL]:MFG-002650.1<-->POP-000001.1(1);992
ConduitLink;VL-AVt.KL.0005-POP.KL-01;SRV-G 7 x 16x2.0;2;GREEN;;0
ConduitLink;VL-AVt.KL.0005-POP.KL-01;SRV-G 7 x 16x2.0;3;BLUE;*[CabL]:M-001652.1<-->MFG-002650.1(1);992
ConduitLink;VL-AVt.KL.0005-POP.KL-01;SRV-G 7 x 16x2.0;4;YELLOW;;0
ConduitLink;VL-AVt.KL.0005-POP.KL-01;SRV-G 7 x 16x2.0;5;WHITE;;0
ConduitLink;VL-AVt.KL.0005-POP.KL-01;SRV-G 7 x 16x2.0;6;GREY;;0
ConduitLink;VL-AVt.KL.0005-POP.KL-01;SRV-G 7 x 16x2.0;7;BROWN;;0
Node;KSch.KL.0099;-;0;Handhole;;0
ConduitLink;VL-AVt.KL.0005-POP.KL-01;SRV-G 7 x 16x2.0;1;RED;*[CabL]:MFG-002650.1<-->POP-000001.1(1);86
ConduitLink;VL-AVt.KL.0005-POP.KL-01;SRV-G 7 x 16x2.0;2;GREEN;*[CabL]:M-002654.1<-->MFG-002650.1(1);86
ConduitLink;VL-AVt.KL.0005-POP.KL-01;SRV-G 7 x 16x2.0;3;BLUE;*[CabL]:M-001652.1<-->MFG-002650.1(1);86
ConduitLink;VL-AVt.KL.0005-POP.KL-01;SRV-G 7 x 16x2.0;4;YELLOW;;0
ConduitLink;VL-AVt.KL.0005-POP.KL-01;SRV-G 7 x 16x2.0;5;WHITE;;0
ConduitLink;VL-AVt.KL.0005-POP.KL-01;SRV-G 7 x 16x2.0;6;GREY;;0
ConduitLink;VL-AVt.KL.0005-POP.KL-01;SRV-G 7 x 16x2.0;7;BROWN;;0
Node;AVt.KL.0005;-;0;MFG18-Sockel;;0
Empty;;-;0;;;0
Node;AVt.KL.0006;-;0;MFG18-Sockel;;0
ConduitLink;VL-AVt.KL.0006-EP-KL-21-01;SRV-G 7 x 16x2.0;1;RED;*[CabL]:M-002819.1<-->MFG-002716.1(2);55
ConduitLink;VL-AVt.KL.0006-EP-KL-21-01;SRV-G 7 x 16x2.0;2;GREEN;*[CabL]:M-002819.1<-->MFG-002716.1(1);55
ConduitLink;VL-AVt.KL.0006-EP-KL-21-01;SRV-G 7 x 16x2.0;3;BLUE;*[CabL]:M-001987.1<-->MFG-002716.1(1);55
ConduitLink;VL-AVt.KL.0006-EP-KL-21-01;SRV-G 7 x 16x2.0;4;YELLOW;*[CabL]:M-002032.1<-->MFG-002716.1(1);55
ConduitLink;VL-AVt.KL.0006-EP-KL-21-01;SRV-G 7 x 16x2.0;5;WHITE;;0
ConduitLink;VL-AVt.KL.0006-EP-KL-21-01;SRV-G 7 x 16x2.0;6;GREY;;0
ConduitLink;VL-AVt.KL.0006-EP-KL-21-01;SRV-G 7 x 16x2.0;7;BROWN;;0
Node;KSch.KL.0085;-;0;Handhole;;0
ConduitLink;VL-AVt.KL.0006-EP-KL-21-01;SRV-G 7 x 16x2.0;1;RED;*[CabL]:M-002819.1<-->MFG-002716.1(2);18
ConduitLink;VL-AVt.KL.0006-EP-KL-21-01;SRV-G 7 x 16x2.0;2;GREEN;*[CabL]:M-002819.1<-->MFG-002716.1(1);18
ConduitLink;VL-AVt.KL.0006-EP-KL-21-01;SRV-G 7 x 16x2.0;3;BLUE;;0
ConduitLink;VL-AVt.KL.0006-EP-KL-21-01;SRV-G 7 x 16x2.0;4;YELLOW;*[CabL]:M-002032.1<-->MFG-002716.1(1);18
ConduitLink;VL-AVt.KL.0006-EP-KL-21-01;SRV-G 7 x 16x2.0;5;WHITE;;0
ConduitLink;VL-AVt.KL.0006-EP-KL-21-01;SRV-G 7 x 16x2.0;6;GREY;;0
ConduitLink;VL-AVt.KL.0006-EP-KL-21-01;SRV-G 7 x 16x2.0;7;BROWN;;0
Node;*[DctP]:FP-002820;-;0;Fitting Point;;0
ConduitLink;VL-AVt.KL.0006-EP-KL-21-01;SRV-G 7 x 16x2.0;1;RED;;0
ConduitLink;VL-AVt.KL.0006-EP-KL-21-01;SRV-G 7 x 16x2.0;2;GREEN;;0
ConduitLink;VL-AVt.KL.0006-EP-KL-21-01;SRV-G 7 x 16x2.0;3;BLUE;;0
ConduitLink;VL-AVt.KL.0006-EP-KL-21-01;SRV-G 7 x 16x2.0;4;YELLOW;*[CabL]:M-002032.1<-->MFG-002716.1(1);144
ConduitLink;VL-AVt.KL.0006-EP-KL-21-01;SRV-G 7 x 16x2.0;5;WHITE;;0
ConduitLink;VL-AVt.KL.0006-EP-KL-21-01;SRV-G 7 x 16x2.0;6;GREY;;0
ConduitLink;VL-AVt.KL.0006-EP-KL-21-01;SRV-G 7 x 16x2.0;7;BROWN;;0
Node;KSch.KL.0086;-;0;Handhole;;0
ConduitLink;VL-AVt.KL.0006-EP-KL-21-01;SRV-G 7 x 16x2.0;1;RED;;0
ConduitLink;VL-AVt.KL.0006-EP-KL-21-01;SRV-G 7 x 16x2.0;2;GREEN;;0
ConduitLink;VL-AVt.KL.0006-EP-KL-21-01;SRV-G 7 x 16x2.0;3;BLUE;;0
ConduitLink;VL-AVt.KL.0006-EP-KL-21-01;SRV-G 7 x 16x2.0;4;YELLOW;;0
ConduitLink;VL-AVt.KL.0006-EP-KL-21-01;SRV-G 7 x 16x2.0;5;WHITE;;0
ConduitLink;VL-AVt.KL.0006-EP-KL-21-01;SRV-G 7 x 16x2.0;6;GREY;;0
ConduitLink;VL-AVt.KL.0006-EP-KL-21-01;SRV-G 7 x 16x2.0;7;BROWN;;0
Node;EP-KL-21;-;0;Fitting Point;;0
Empty;;-;0;;;0
Node;*[DctP]:FP-002820;-;0;Fitting Point;;0
ConduitLink;VL-AVt.KL.0006-EP-KL-21-02;SRV-G 7 x 16x2.0;1;RED;*[CabL]:M-002819.1<-->MFG-002716.1(2);13
ConduitLink;VL-AVt.KL.0006-EP-KL-21-02;SRV-G 7 x 16x2.0;2;GREEN;*[CabL]:M-002819.1<-->MFG-002716.1(1);13
ConduitLink;VL-AVt.KL.0006-EP-KL-21-02;SRV-G 7 x 16x2.0;3;BLUE;;0
ConduitLink;VL-AVt.KL.0006-EP-KL-21-02;SRV-G 7 x 16x2.0;4;YELLOW;;0
ConduitLink;VL-AVt.KL.0006-EP-KL-21-02;SRV-G 7 x 16x2.0;5;WHITE;;0
ConduitLink;VL-AVt.KL.0006-EP-KL-21-02;SRV-G 7 x 16x2.0;6;GREY;;0
ConduitLink;VL-AVt.KL.0006-EP-KL-21-02;SRV-G 7 x 16x2.0;7;BROWN;;0
Node;KSch.KL.0110;-;0;Handhole;;0
Empty;;-;0;;;0
Node;POP.KL;-;0;PoP;;0
ConduitLink;VL-AVt.KL.0006-POP.KL-01;SRV-G 7 x 16x2.0;1;RED;*[CabL]:M-002679.1<-->POP-000001.1(1);27
ConduitLink;VL-AVt.KL.0006-POP.KL-01;SRV-G 7 x 16x2.0;2;GREEN;*[CabL]:M-001848.1<-->POP-000001.1(1);27
ConduitLink;VL-AVt.KL.0006-POP.KL-01;SRV-G 7 x 16x2.0;3;BLUE;*[CabL]:MFG-002716.1<-->POP-000001.1(1);27
ConduitLink;VL-AVt.KL.0006-POP.KL-01;SRV-G 7 x 16x2.0;4;YELLOW;;0
ConduitLink;VL-AVt.KL.0006-POP.KL-01;SRV-G 7 x 16x2.0;5;WHITE;;0
ConduitLink;VL-AVt.KL.0006-POP.KL-01;SRV-G 7 x 16x2.0;6;GREY;;0
ConduitLink;VL-AVt.KL.0006-POP.KL-01;SRV-G 7 x 16x2.0;7;BROWN;;0
Node;KSch.KL.0029;-;0;Handhole;;0
ConduitLink;VL-AVt.KL.0006-POP.KL-01;SRV-G 7 x 16x2.0;1;RED;*[CabL]:M-002679.1<-->POP-000001.1(1);605
ConduitLink;VL-AVt.KL.0006-POP.KL-01;SRV-G 7 x 16x2.0;2;GREEN;*[CabL]:M-001848.1<-->POP-000001.1(1);605
ConduitLink;VL-AVt.KL.0006-POP.KL-01;SRV-G 7 x 16x2.0;3;BLUE;*[CabL]:MFG-002716.1<-->POP-000001.1(1);605
ConduitLink;VL-AVt.KL.0006-POP.KL-01;SRV-G 7 x 16x2.0;4;YELLOW;;0
ConduitLink;VL-AVt.KL.0006-POP.KL-01;SRV-G 7 x 16x2.0;5;WHITE;;0
ConduitLink;VL-AVt.KL.0006-POP.KL-01;SRV-G 7 x 16x2.0;6;GREY;;0
ConduitLink;VL-AVt.KL.0006-POP.KL-01;SRV-G 7 x 16x2.0;7;BROWN;;0
Node;*[DctP]:FP-000434;-;0;Fitting Point;;0
ConduitLink;VL-AVt.KL.0006-POP.KL-01;SRV-G 7 x 16x2.0;1;RED;*[CabL]:M-002679.1<-->POP-000001.1(1);342
ConduitLink;VL-AVt.KL.0006-POP.KL-01;SRV-G 7 x 16x2.0;2;GREEN;;0
ConduitLink;VL-AVt.KL.0006-POP.KL-01;SRV-G 7 x 16x2.0;3;BLUE;*[CabL]:MFG-002716.1<-->POP-000001.1(1);342
ConduitLink;VL-AVt.KL.0006-POP.KL-01;SRV-G 7 x 16x2.0;4;YELLOW;;0
ConduitLink;VL-AVt.KL.0006-POP.KL-01;SRV-G 7 x 16x2.0;5;WHITE;;0
ConduitLink;VL-AVt.KL.0006-POP.KL-01;SRV-G 7 x 16x2.0;6;GREY;;0
ConduitLink;VL-AVt.KL.0006-POP.KL-01;SRV-G 7 x 16x2.0;7;BROWN;;0
Node;KSch.KL.0118;-;0;Handhole;;0
ConduitLink;VL-AVt.KL.0006-POP.KL-01;SRV-G 7 x 16x2.0;1;RED;;0
ConduitLink;VL-AVt.KL.0006-POP.KL-01;SRV-G 7 x 16x2.0;2;GREEN;;0
ConduitLink;VL-AVt.KL.0006-POP.KL-01;SRV-G 7 x 16x2.0;3;BLUE;*[CabL]:MFG-002716.1<-->POP-000001.1(1);378
ConduitLink;VL-AVt.KL.0006-POP.KL-01;SRV-G 7 x 16x2.0;4;YELLOW;;0
ConduitLink;VL-AVt.KL.0006-POP.KL-01;SRV-G 7 x 16x2.0;5;WHITE;;0
ConduitLink;VL-AVt.KL.0006-POP.KL-01;SRV-G 7 x 16x2.0;6;GREY;;0
ConduitLink;VL-AVt.KL.0006-POP.KL-01;SRV-G 7 x 16x2.0;7;BROWN;;0
Node;KSch.KL.0030;-;0;Handhole;;0
ConduitLink;VL-AVt.KL.0006-POP.KL-01;SRV-G 7 x 16x2.0;1;RED;;0
ConduitLink;VL-AVt.KL.0006-POP.KL-01;SRV-G 7 x 16x2.0;2;GREEN;;0
ConduitLink;VL-AVt.KL.0006-POP.KL-01;SRV-G 7 x 16x2.0;3;BLUE;*[CabL]:MFG-002716.1<-->POP-000001.1(1);978
ConduitLink;VL-AVt.KL.0006-POP.KL-01;SRV-G 7 x 16x2.0;4;YELLOW;;0
ConduitLink;VL-AVt.KL.0006-POP.KL-01;SRV-G 7 x 16x2.0;5;WHITE;;0
ConduitLink;VL-AVt.KL.0006-POP.KL-01;SRV-G 7 x 16x2.0;6;GREY;;0
ConduitLink;VL-AVt.KL.0006-POP.KL-01;SRV-G 7 x 16x2.0;7;BROWN;;0
Node;ZS.KL.0006;-;0;Pulling Box;;0
ConduitLink;VL-AVt.KL.0006-POP.KL-01;SRV-G 7 x 16x2.0;1;RED;;0
ConduitLink;VL-AVt.KL.0006-POP.KL-01;SRV-G 7 x 16x2.0;2;GREEN;;0
ConduitLink;VL-AVt.KL.0006-POP.KL-01;SRV-G 7 x 16x2.0;3;BLUE;*[CabL]:MFG-002716.1<-->POP-000001.1(1);1123
ConduitLink;VL-AVt.KL.0006-POP.KL-01;SRV-G 7 x 16x2.0;4;YELLOW;;0
ConduitLink;VL-AVt.KL.0006-POP.KL-01;SRV-G 7 x 16x2.0;5;WHITE;;0
ConduitLink;VL-AVt.KL.0006-POP.KL-01;SRV-G 7 x 16x2.0;6;GREY;;0
ConduitLink;VL-AVt.KL.0006-POP.KL-01;SRV-G 7 x 16x2.0;7;BROWN;;0
Node;AVt.KL.0006;-;0;MFG18-Sockel;;0
Empty;;-;0;;;0
Node;*[DctP]:FP-000434;-;0;Fitting Point;;0
ConduitLink;VL-AVt.KL.0006-POP.KL-02;SRV-G 7 x 16x2.0;1;RED;;0
ConduitLink;VL-AVt.KL.0006-POP.KL-02;SRV-G 7 x 16x2.0;2;GREEN;*[CabL]:M-001848.1<-->POP-000001.1(1);20
ConduitLink;VL-AVt.KL.0006-POP.KL-02;SRV-G 7 x 16x2.0;3;BLUE;;0
ConduitLink;VL-AVt.KL.0006-POP.KL-02;SRV-G 7 x 16x2.0;4;YELLOW;;0
ConduitLink;VL-AVt.KL.0006-POP.KL-02;SRV-G 7 x 16x2.0;5;WHITE;;0
ConduitLink;VL-AVt.KL.0006-POP.KL-02;SRV-G 7 x 16x2.0;6;GREY;;0
ConduitLink;VL-AVt.KL.0006-POP.KL-02;SRV-G 7 x 16x2.0;7;BROWN;;0
Node;KSch.KL.0116;-;0;Handhole;;0
Empty;;-;0;;;0
Node;AVt.KL.0001;-;0;MFG18-Sockel;;0
ConduitLink;VL-KSch.KL.0078-AVt.KL.0001-01;SRV-G 7 x 16x2.0;1;RED;*[CabL]:M-000995.1<-->MFG-001004.1(1);70
ConduitLink;VL-KSch.KL.0078-AVt.KL.0001-01;SRV-G 7 x 16x2.0;2;GREEN;*[CabL]:M-000954.1<-->MFG-001004.1(1);70
ConduitLink;VL-KSch.KL.0078-AVt.KL.0001-01;SRV-G 7 x 16x2.0;3;BLUE;*[CabL]:M-001034.1<-->MFG-001004.1(1);70
ConduitLink;VL-KSch.KL.0078-AVt.KL.0001-01;SRV-G 7 x 16x2.0;4;YELLOW;;0
ConduitLink;VL-KSch.KL.0078-AVt.KL.0001-01;SRV-G 7 x 16x2.0;5;WHITE;;0
ConduitLink;VL-KSch.KL.0078-AVt.KL.0001-01;SRV-G 7 x 16x2.0;6;GREY;;0
ConduitLink;VL-KSch.KL.0078-AVt.KL.0001-01;SRV-G 7 x 16x2.0;7;BROWN;;0
Node;*[DctP]:FP-002672;-;0;Fitting Point;;0
ConduitLink;VL-KSch.KL.0078-AVt.KL.0001-01;SRV-G 7 x 16x2.0;1;RED;*[CabL]:M-000995.1<-->MFG-001004.1(1);36
ConduitLink;VL-KSch.KL.0078-AVt.KL.0001-01;SRV-G 7 x 16x2.0;2;GREEN;;0
ConduitLink;VL-KSch.KL.0078-AVt.KL.0001-01;SRV-G 7 x 16x2.0;3;BLUE;*[CabL]:M-001034.1<-->MFG-001004.1(1);36
ConduitLink;VL-KSch.KL.0078-AVt.KL.0001-01;SRV-G 7 x 16x2.0;4;YELLOW;;0
ConduitLink;VL-KSch.KL.0078-AVt.KL.0001-01;SRV-G 7 x 16x2.0;5;WHITE;;0
ConduitLink;VL-KSch.KL.0078-AVt.KL.0001-01;SRV-G 7 x 16x2.0;6;GREY;;0
ConduitLink;VL-KSch.KL.0078-AVt.KL.0001-01;SRV-G 7 x 16x2.0;7;BROWN;;0
Node;KSch.KL.0076;-;0;Handhole;;0
ConduitLink;VL-KSch.KL.0078-AVt.KL.0001-01;SRV-G 7 x 16x2.0;1;RED;;0
ConduitLink;VL-KSch.KL.0078-AVt.KL.0001-01;SRV-G 7 x 16x2.0;2;GREEN;;0
ConduitLink;VL-KSch.KL.0078-AVt.KL.0001-01;SRV-G 7 x 16x2.0;3;BLUE;*[CabL]:M-001034.1<-->MFG-001004.1(1);482
ConduitLink;VL-KSch.KL.0078-AVt.KL.0001-01;SRV-G 7 x 16x2.0;4;YELLOW;;0
ConduitLink;VL-KSch.KL.0078-AVt.KL.0001-01;SRV-G 7 x 16x2.0;5;WHITE;;0
ConduitLink;VL-KSch.KL.0078-AVt.KL.0001-01;SRV-G 7 x 16x2.0;6;GREY;;0
ConduitLink;VL-KSch.KL.0078-AVt.KL.0001-01;SRV-G 7 x 16x2.0;7;BROWN;;0
Node;KSch.KL.0078;-;0;Handhole;;0
Empty;;-;0;;;0
Node;*[DctP]:FP-002672;-;0;Fitting Point;;0
ConduitLink;VL-KSch.KL.0078-AVt.KL.0001-03;SRV-G 7 x 16x2.0;1;RED;;0
ConduitLink;VL-KSch.KL.0078-AVt.KL.0001-03;SRV-G 7 x 16x2.0;2;GREEN;*[CabL]:M-000954.1<-->MFG-001004.1(1);824
ConduitLink;VL-KSch.KL.0078-AVt.KL.0001-03;SRV-G 7 x 16x2.0;3;BLUE;;0
ConduitLink;VL-KSch.KL.0078-AVt.KL.0001-03;SRV-G 7 x 16x2.0;4;YELLOW;;0
ConduitLink;VL-KSch.KL.0078-AVt.KL.0001-03;SRV-G 7 x 16x2.0;5;WHITE;;0
ConduitLink;VL-KSch.KL.0078-AVt.KL.0001-03;SRV-G 7 x 16x2.0;6;GREY;;0
ConduitLink;VL-KSch.KL.0078-AVt.KL.0001-03;SRV-G 7 x 16x2.0;7;BROWN;;0
Node;KSch.KL.0077;-;0;Handhole;;0
Empty;;-;0;;;0
Node;AVt.KL.0002;-;0;MFG18-Sockel;;0
ConduitLink;VL-KSch.KL.0082-AVt.KL.0002-01;SRV-G 7 x 16x2.0;1;RED;*[CabL]:M-002666.1<-->MFG-001920.1(1);111
ConduitLink;VL-KSch.KL.0082-AVt.KL.0002-01;SRV-G 7 x 16x2.0;2;GREEN;*[CabL]:M-002714.1<-->MFG-001920.1(1);111
ConduitLink;VL-KSch.KL.0082-AVt.KL.0002-01;SRV-G 7 x 16x2.0;3;BLUE;*[CabL]:M-001500.1<-->MFG-001920.1(1);111
ConduitLink;VL-KSch.KL.0082-AVt.KL.0002-01;SRV-G 7 x 16x2.0;4;YELLOW;*[CabL]:M-001684.1<-->MFG-001920.1(1);111
ConduitLink;VL-KSch.KL.0082-AVt.KL.0002-01;SRV-G 7 x 16x2.0;5;WHITE;;0
ConduitLink;VL-KSch.KL.0082-AVt.KL.0002-01;SRV-G 7 x 16x2.0;6;GREY;;0
ConduitLink;VL-KSch.KL.0082-AVt.KL.0002-01;SRV-G 7 x 16x2.0;7;BROWN;;0
Node;KSch.KL.0107;-;0;Handhole;;0
ConduitLink;VL-KSch.KL.0082-AVt.KL.0002-01;SRV-G 7 x 16x2.0;1;RED;;0
ConduitLink;VL-KSch.KL.0082-AVt.KL.0002-01;SRV-G 7 x 16x2.0;2;GREEN;*[CabL]:M-002714.1<-->MFG-001920.1(1);247
ConduitLink;VL-KSch.KL.0082-AVt.KL.0002-01;SRV-G 7 x 16x2.0;3;BLUE;*[CabL]:M-001500.1<-->MFG-001920.1(1);247
ConduitLink;VL-KSch.KL.0082-AVt.KL.0002-01;SRV-G 7 x 16x2.0;4;YELLOW;*[CabL]:M-001684.1<-->MFG-001920.1(1);247
ConduitLink;VL-KSch.KL.0082-AVt.KL.0002-01;SRV-G 7 x 16x2.0;5;WHITE;;0
ConduitLink;VL-KSch.KL.0082-AVt.KL.0002-01;SRV-G 7 x 16x2.0;6;GREY;;0
ConduitLink;VL-KSch.KL.0082-AVt.KL.0002-01;SRV-G 7 x 16x2.0;7;BROWN;;0
Node;KSch.KL.0079;-;0;Handhole;;0
ConduitLink;VL-KSch.KL.0082-AVt.KL.0002-01;SRV-G 7 x 16x2.0;1;RED;;0
ConduitLink;VL-KSch.KL.0082-AVt.KL.0002-01;SRV-G 7 x 16x2.0;2;GREEN;*[CabL]:M-002714.1<-->MFG-001920.1(1);223
ConduitLink;VL-KSch.KL.0082-AVt.KL.0002-01;SRV-G 7 x 16x2.0;3;BLUE;;0
ConduitLink;VL-KSch.KL.0082-AVt.KL.0002-01;SRV-G 7 x 16x2.0;4;YELLOW;*[CabL]:M-001684.1<-->MFG-001920.1(1);223
ConduitLink;VL-KSch.KL.0082-AVt.KL.0002-01;SRV-G 7 x 16x2.0;5;WHITE;;0
ConduitLink;VL-KSch.KL.0082-AVt.KL.0002-01;SRV-G 7 x 16x2.0;6;GREY;;0
ConduitLink;VL-KSch.KL.0082-AVt.KL.0002-01;SRV-G 7 x 16x2.0;7;BROWN;;0
Node;*[DctP]:FP-000435;-;0;Fitting Point;;0
ConduitLink;VL-KSch.KL.0082-AVt.KL.0002-01;SRV-G 7 x 16x2.0;1;RED;;0
ConduitLink;VL-KSch.KL.0082-AVt.KL.0002-01;SRV-G 7 x 16x2.0;2;GREEN;;0
ConduitLink;VL-KSch.KL.0082-AVt.KL.0002-01;SRV-G 7 x 16x2.0;3;BLUE;;0
ConduitLink;VL-KSch.KL.0082-AVt.KL.0002-01;SRV-G 7 x 16x2.0;4;YELLOW;*[CabL]:M-001684.1<-->MFG-001920.1(1);213
ConduitLink;VL-KSch.KL.0082-AVt.KL.0002-01;SRV-G 7 x 16x2.0;5;WHITE;;0
ConduitLink;VL-KSch.KL.0082-AVt.KL.0002-01;SRV-G 7 x 16x2.0;6;GREY;;0
ConduitLink;VL-KSch.KL.0082-AVt.KL.0002-01;SRV-G 7 x 16x2.0;7;BROWN;;0
Node;KSch.KL.0082;-;0;Handhole;;0
Empty;;-;0;;;0
Node;*[DctP]:FP-000435;-;0;Fitting Point;;0
ConduitLink;VL-KSch.KL.0082-AVt.KL.0002-02;SRV-G 7 x 16x2.0;1;RED;;0
ConduitLink;VL-KSch.KL.0082-AVt.KL.0002-02;SRV-G 7 x 16x2.0;2;GREEN;*[CabL]:M-002714.1<-->MFG-001920.1(1);16
ConduitLink;VL-KSch.KL.0082-AVt.KL.0002-02;SRV-G 7 x 16x2.0;3;BLUE;;0
ConduitLink;VL-KSch.KL.0082-AVt.KL.0002-02;SRV-G 7 x 16x2.0;4;YELLOW;;0
ConduitLink;VL-KSch.KL.0082-AVt.KL.0002-02;SRV-G 7 x 16x2.0;5;WHITE;;0
ConduitLink;VL-KSch.KL.0082-AVt.KL.0002-02;SRV-G 7 x 16x2.0;6;GREY;;0
ConduitLink;VL-KSch.KL.0082-AVt.KL.0002-02;SRV-G 7 x 16x2.0;7;BROWN;;0
Node;KSch.KL.0109;-;0;Handhole;;0
Empty;;-;0;;;0
Node;AVt.KL.0006;-;0;MFG18-Sockel;;0
ConduitLink;VL-KSch.KL.0083-AVt.KL.0006-01;SRV-G 7 x 16x2.0;1;RED;*[CabL]:M-002832.1<-->MFG-002716.1(1);62
ConduitLink;VL-KSch.KL.0083-AVt.KL.0006-01;SRV-G 7 x 16x2.0;2;GREEN;*[CabL]:M-001941.1<-->MFG-002716.1(1);62
ConduitLink;VL-KSch.KL.0083-AVt.KL.0006-01;SRV-G 7 x 16x2.0;3;BLUE;;0
ConduitLink;VL-KSch.KL.0083-AVt.KL.0006-01;SRV-G 7 x 16x2.0;4;YELLOW;;0
ConduitLink;VL-KSch.KL.0083-AVt.KL.0006-01;SRV-G 7 x 16x2.0;5;WHITE;;0
ConduitLink;VL-KSch.KL.0083-AVt.KL.0006-01;SRV-G 7 x 16x2.0;6;GREY;;0
ConduitLink;VL-KSch.KL.0083-AVt.KL.0006-01;SRV-G 7 x 16x2.0;7;BROWN;;0
Node;*[DctP]:FP-001958;-;0;Fitting Point;;0
ConduitLink;VL-KSch.KL.0083-AVt.KL.0006-01;SRV-G 7 x 16x2.0;1;RED;;0
ConduitLink;VL-KSch.KL.0083-AVt.KL.0006-01;SRV-G 7 x 16x2.0;2;GREEN;*[CabL]:M-001941.1<-->MFG-002716.1(1);11
ConduitLink;VL-KSch.KL.0083-AVt.KL.0006-01;SRV-G 7 x 16x2.0;3;BLUE;;0
ConduitLink;VL-KSch.KL.0083-AVt.KL.0006-01;SRV-G 7 x 16x2.0;4;YELLOW;;0
ConduitLink;VL-KSch.KL.0083-AVt.KL.0006-01;SRV-G 7 x 16x2.0;5;WHITE;;0
ConduitLink;VL-KSch.KL.0083-AVt.KL.0006-01;SRV-G 7 x 16x2.0;6;GREY;;0
ConduitLink;VL-KSch.KL.0083-AVt.KL.0006-01;SRV-G 7 x 16x2.0;7;BROWN;;0
Node;KSch.KL.0083;-;0;Handhole;;0
Empty;;-;0;;;0
Node;*[DctP]:FP-001958;-;0;Fitting Point;;0
ConduitLink;VL-KSch.KL.0083-AVt.KL.0006-02;SRV-G 7 x 16x2.0;1;RED;*[CabL]:M-002832.1<-->MFG-002716.1(1);5
ConduitLink;VL-KSch.KL.0083-AVt.KL.0006-02;SRV-G 7 x 16x2.0;2;GREEN;;0
ConduitLink;VL-KSch.KL.0083-AVt.KL.0006-02;SRV-G 7 x 16x2.0;3;BLUE;;0
ConduitLink;VL-KSch.KL.0083-AVt.KL.0006-02;SRV-G 7 x 16x2.0;4;YELLOW;;0
ConduitLink;VL-KSch.KL.0083-AVt.KL.0006-02;SRV-G 7 x 16x2.0;5;WHITE;;0
ConduitLink;VL-KSch.KL.0083-AVt.KL.0006-02;SRV-G 7 x 16x2.0;6;GREY;;0
ConduitLink;VL-KSch.KL.0083-AVt.KL.0006-02;SRV-G 7 x 16x2.0;7;BROWN;;0
Node;KSch.KL.0112;-;0;Handhole;;0
Empty;;-;0;;;0
Node;AVt.KL.0004;-;0;MFG18-Sockel;;0
ConduitLink;VL-KSch.KL.0090-AVt.KL.0004-02;SRV-G 7 x 16x2.0;1;RED;*[CabL]:M-002201.1<-->MFG-002118.1(1);196
ConduitLink;VL-KSch.KL.0090-AVt.KL.0004-02;SRV-G 7 x 16x2.0;2;GREEN;*[CabL]:M-002178.1<-->MFG-002118.1(1);196
ConduitLink;VL-KSch.KL.0090-AVt.KL.0004-02;SRV-G 7 x 16x2.0;3;BLUE;;0
ConduitLink;VL-KSch.KL.0090-AVt.KL.0004-02;SRV-G 7 x 16x2.0;4;YELLOW;;0
ConduitLink;VL-KSch.KL.0090-AVt.KL.0004-02;SRV-G 7 x 16x2.0;5;WHITE;;0
ConduitLink;VL-KSch.KL.0090-AVt.KL.0004-02;SRV-G 7 x 16x2.0;6;GREY;;0
ConduitLink;VL-KSch.KL.0090-AVt.KL.0004-02;SRV-G 7 x 16x2.0;7;BROWN;;0
Node;KSch.KL.0089;-;0;Handhole;;0
ConduitLink;VL-KSch.KL.0090-AVt.KL.0004-02;SRV-G 7 x 16x2.0;1;RED;*[CabL]:M-002201.1<-->MFG-002118.1(1);158
ConduitLink;VL-KSch.KL.0090-AVt.KL.0004-02;SRV-G 7 x 16x2.0;2;GREEN;;0
ConduitLink;VL-KSch.KL.0090-AVt.KL.0004-02;SRV-G 7 x 16x2.0;3;BLUE;;0
ConduitLink;VL-KSch.KL.0090-AVt.KL.0004-02;SRV-G 7 x 16x2.0;4;YELLOW;;0
ConduitLink;VL-KSch.KL.0090-AVt.KL.0004-02;SRV-G 7 x 16x2.0;5;WHITE;;0
ConduitLink;VL-KSch.KL.0090-AVt.KL.0004-02;SRV-G 7 x 16x2.0;6;GREY;;0
ConduitLink;VL-KSch.KL.0090-AVt.KL.0004-02;SRV-G 7 x 16x2.0;7;BROWN;;0
Node;KSch.KL.0090;-;0;Handhole;;0
Empty;;-;0;;;0
Node;AVt.KL.0004;-;0;MFG18-Sockel;;0
ConduitLink;VL-KSch.KL.0093-AVt.KL.0004-01;SRV-G 7 x 16x2.0;1;RED;*[CabL]:M-002825.1<-->MFG-002118.1(1);231
ConduitLink;VL-KSch.KL.0093-AVt.KL.0004-01;SRV-G 7 x 16x2.0;2;GREEN;*[CabL]:M-002376.1<-->MFG-002118.1(1);231
ConduitLink;VL-KSch.KL.0093-AVt.KL.0004-01;SRV-G 7 x 16x2.0;3;BLUE;*[CabL]:M-002374.1<-->MFG-002118.1(1);231
ConduitLink;VL-KSch.KL.0093-AVt.KL.0004-01;SRV-G 7 x 16x2.0;4;YELLOW;*[CabL]:M-002410.1<-->MFG-002118.1(1);231
ConduitLink;VL-KSch.KL.0093-AVt.KL.0004-01;SRV-G 7 x 16x2.0;5;WHITE;*[CabL]:M-002418.1<-->MFG-002118.1(1);231
ConduitLink;VL-KSch.KL.0093-AVt.KL.0004-01;SRV-G 7 x 16x2.0;6;GREY;;0
ConduitLink;VL-KSch.KL.0093-AVt.KL.0004-01;SRV-G 7 x 16x2.0;7;BROWN;;0
Node;*[DctP]:FP-002423;-;0;Fitting Point;;0
ConduitLink;VL-KSch.KL.0093-AVt.KL.0004-01;SRV-G 7 x 16x2.0;1;RED;*[CabL]:M-002825.1<-->MFG-002118.1(1);79
ConduitLink;VL-KSch.KL.0093-AVt.KL.0004-01;SRV-G 7 x 16x2.0;2;GREEN;*[CabL]:M-002376.1<-->MFG-002118.1(1);79
ConduitLink;VL-KSch.KL.0093-AVt.KL.0004-01;SRV-G 7 x 16x2.0;3;BLUE;;0
ConduitLink;VL-KSch.KL.0093-AVt.KL.0004-01;SRV-G 7 x 16x2.0;4;YELLOW;*[CabL]:M-002410.1<-->MFG-002118.1(1);79
ConduitLink;VL-KSch.KL.0093-AVt.KL.0004-01;SRV-G 7 x 16x2.0;5;WHITE;*[CabL]:M-002418.1<-->MFG-002118.1(1);79
ConduitLink;VL-KSch.KL.0093-AVt.KL.0004-01;SRV-G 7 x 16x2.0;6;GREY;;0
ConduitLink;VL-KSch.KL.0093-AVt.KL.0004-01;SRV-G 7 x 16x2.0;7;BROWN;;0
Node;*[DctP]:FP-002315;-;0;Fitting Point;;0
ConduitLink;VL-KSch.KL.0093-AVt.KL.0004-01;SRV-G 7 x 16x2.0;1;RED;*[CabL]:M-002825.1<-->MFG-002118.1(1);185
ConduitLink;VL-KSch.KL.0093-AVt.KL.0004-01;SRV-G 7 x 16x2.0;2;GREEN;;0
ConduitLink;VL-KSch.KL.0093-AVt.KL.0004-01;SRV-G 7 x 16x2.0;3;BLUE;;0
ConduitLink;VL-KSch.KL.0093-AVt.KL.0004-01;SRV-G 7 x 16x2.0;4;YELLOW;*[CabL]:M-002410.1<-->MFG-002118.1(1);185
ConduitLink;VL-KSch.KL.0093-AVt.KL.0004-01;SRV-G 7 x 16x2.0;5;WHITE;*[CabL]:M-002418.1<-->MFG-002118.1(1);185
ConduitLink;VL-KSch.KL.0093-AVt.KL.0004-01;SRV-G 7 x 16x2.0;6;GREY;;0
ConduitLink;VL-KSch.KL.0093-AVt.KL.0004-01;SRV-G 7 x 16x2.0;7;BROWN;;0
Node;KSch.KL.0111;-;0;Handhole;;0
ConduitLink;VL-KSch.KL.0093-AVt.KL.0004-01;SRV-G 7 x 16x2.0;1;RED;;0
ConduitLink;VL-KSch.KL.0093-AVt.KL.0004-01;SRV-G 7 x 16x2.0;2;GREEN;;0
ConduitLink;VL-KSch.KL.0093-AVt.KL.0004-01;SRV-G 7 x 16x2.0;3;BLUE;;0
ConduitLink;VL-KSch.KL.0093-AVt.KL.0004-01;SRV-G 7 x 16x2.0;4;YELLOW;*[CabL]:M-002410.1<-->MFG-002118.1(1);283
ConduitLink;VL-KSch.KL.0093-AVt.KL.0004-01;SRV-G 7 x 16x2.0;5;WHITE;*[CabL]:M-002418.1<-->MFG-002118.1(1);283
ConduitLink;VL-KSch.KL.0093-AVt.KL.0004-01;SRV-G 7 x 16x2.0;6;GREY;;0
ConduitLink;VL-KSch.KL.0093-AVt.KL.0004-01;SRV-G 7 x 16x2.0;7;BROWN;;0
Node;KSch.KL.0094;-;0;Handhole;;0
ConduitLink;VL-KSch.KL.0093-AVt.KL.0004-01;SRV-G 7 x 16x2.0;1;RED;;0
ConduitLink;VL-KSch.KL.0093-AVt.KL.0004-01;SRV-G 7 x 16x2.0;2;GREEN;;0
ConduitLink;VL-KSch.KL.0093-AVt.KL.0004-01;SRV-G 7 x 16x2.0;3;BLUE;;0
ConduitLink;VL-KSch.KL.0093-AVt.KL.0004-01;SRV-G 7 x 16x2.0;4;YELLOW;*[CabL]:M-002410.1<-->MFG-002118.1(1);257
ConduitLink;VL-KSch.KL.0093-AVt.KL.0004-01;SRV-G 7 x 16x2.0;5;WHITE;;0
ConduitLink;VL-KSch.KL.0093-AVt.KL.0004-01;SRV-G 7 x 16x2.0;6;GREY;;0
ConduitLink;VL-KSch.KL.0093-AVt.KL.0004-01;SRV-G 7 x 16x2.0;7;BROWN;;0
Node;KSch.KL.0093;-;0;Handhole;;0
Empty;;-;0;;;0
Node;*[DctP]:FP-002315;-;0;Fitting Point;;0
ConduitLink;VL-KSch.KL.0093-AVt.KL.0004-02;SRV-G 7 x 16x2.0;1;RED;;0
ConduitLink;VL-KSch.KL.0093-AVt.KL.0004-02;SRV-G 7 x 16x2.0;2;GREEN;*[CabL]:M-002376.1<-->MFG-002118.1(1);43
ConduitLink;VL-KSch.KL.0093-AVt.KL.0004-02;SRV-G 7 x 16x2.0;3;BLUE;;0
ConduitLink;VL-KSch.KL.0093-AVt.KL.0004-02;SRV-G 7 x 16x2.0;4;YELLOW;;0
ConduitLink;VL-KSch.KL.0093-AVt.KL.0004-02;SRV-G 7 x 16x2.0;5;WHITE;;0
ConduitLink;VL-KSch.KL.0093-AVt.KL.0004-02;SRV-G 7 x 16x2.0;6;GREY;;0
ConduitLink;VL-KSch.KL.0093-AVt.KL.0004-02;SRV-G 7 x 16x2.0;7;BROWN;;0
Node;KSch.KL.0092;-;0;Handhole;;0
Empty;;-;0;;;0
Node;*[DctP]:FP-002423;-;0;Fitting Point;;0
ConduitLink;VL-KSch.KL.0093-AVt.KL.0004-03;SRV-G 7 x 16x2.0;1;RED;;0
ConduitLink;VL-KSch.KL.0093-AVt.KL.0004-03;SRV-G 7 x 16x2.0;2;GREEN;;0
ConduitLink;VL-KSch.KL.0093-AVt.KL.0004-03;SRV-G 7 x 16x2.0;3;BLUE;*[CabL]:M-002374.1<-->MFG-002118.1(1);132
ConduitLink;VL-KSch.KL.0093-AVt.KL.0004-03;SRV-G 7 x 16x2.0;4;YELLOW;;0
ConduitLink;VL-KSch.KL.0093-AVt.KL.0004-03;SRV-G 7 x 16x2.0;5;WHITE;;0
ConduitLink;VL-KSch.KL.0093-AVt.KL.0004-03;SRV-G 7 x 16x2.0;6;GREY;;0
ConduitLink;VL-KSch.KL.0093-AVt.KL.0004-03;SRV-G 7 x 16x2.0;7;BROWN;;0
Node;KSch.KL.0091;-;0;Handhole;;0
ConduitLink;VL-KSch.KL.0093-AVt.KL.0004-03;SRV-G 7 x 16x2.0;1;RED;;0
ConduitLink;VL-KSch.KL.0093-AVt.KL.0004-03;SRV-G 7 x 16x2.0;2;GREEN;;0
ConduitLink;VL-KSch.KL.0093-AVt.KL.0004-03;SRV-G 7 x 16x2.0;3;BLUE;;0
ConduitLink;VL-KSch.KL.0093-AVt.KL.0004-03;SRV-G 7 x 16x2.0;4;YELLOW;;0
ConduitLink;VL-KSch.KL.0093-AVt.KL.0004-03;SRV-G 7 x 16x2.0;5;WHITE;;0
ConduitLink;VL-KSch.KL.0093-AVt.KL.0004-03;SRV-G 7 x 16x2.0;6;GREY;;0
ConduitLink;VL-KSch.KL.0093-AVt.KL.0004-03;SRV-G 7 x 16x2.0;7;BROWN;;0
Node;EP-KL-26;-;0;Fitting Point;;0
Empty;;-;0;;;0
Node;KSch.KL.0114;-;0;Handhole;;0
ConduitLink;VL-KSch.KL.0097-KSch.KL.0114-01;SRV-G 7 x 16x2.0;1;RED;;0
ConduitLink;VL-KSch.KL.0097-KSch.KL.0114-01;SRV-G 7 x 16x2.0;2;GREEN;*[CabL]:M-002647.1<-->MFG-002650.1(1);568
ConduitLink;VL-KSch.KL.0097-KSch.KL.0114-01;SRV-G 7 x 16x2.0;3;BLUE;*[CabL]:M-002640.1<-->MFG-002650.1(1);568
ConduitLink;VL-KSch.KL.0097-KSch.KL.0114-01;SRV-G 7 x 16x2.0;4;YELLOW;*[CabL]:M-002643.1<-->MFG-002650.1(1);568
ConduitLink;VL-KSch.KL.0097-KSch.KL.0114-01;SRV-G 7 x 16x2.0;5;WHITE;;0
ConduitLink;VL-KSch.KL.0097-KSch.KL.0114-01;SRV-G 7 x 16x2.0;6;GREY;*[CabL]:M-002457.1<-->MFG-002650.1(1);568
ConduitLink;VL-KSch.KL.0097-KSch.KL.0114-01;SRV-G 7 x 16x2.0;7;BROWN;;0
Node;KSch.KL.0096;-;0;Handhole;;0
ConduitLink;VL-KSch.KL.0097-KSch.KL.0114-01;SRV-G 7 x 16x2.0;1;RED;;0
ConduitLink;VL-KSch.KL.0097-KSch.KL.0114-01;SRV-G 7 x 16x2.0;2;GREEN;*[CabL]:M-002647.1<-->MFG-002650.1(1);747
ConduitLink;VL-KSch.KL.0097-KSch.KL.0114-01;SRV-G 7 x 16x2.0;3;BLUE;;0
ConduitLink;VL-KSch.KL.0097-KSch.KL.0114-01;SRV-G 7 x 16x2.0;4;YELLOW;*[CabL]:M-002643.1<-->MFG-002650.1(1);747
ConduitLink;VL-KSch.KL.0097-KSch.KL.0114-01;SRV-G 7 x 16x2.0;5;WHITE;;0
ConduitLink;VL-KSch.KL.0097-KSch.KL.0114-01;SRV-G 7 x 16x2.0;6;GREY;*[CabL]:M-002457.1<-->MFG-002650.1(1);747
ConduitLink;VL-KSch.KL.0097-KSch.KL.0114-01;SRV-G 7 x 16x2.0;7;BROWN;;0
Node;*[DctP]:FP-002497;-;0;Fitting Point;;0
ConduitLink;VL-KSch.KL.0097-KSch.KL.0114-01;SRV-G 7 x 16x2.0;1;RED;;0
ConduitLink;VL-KSch.KL.0097-KSch.KL.0114-01;SRV-G 7 x 16x2.0;2;GREEN;;0
ConduitLink;VL-KSch.KL.0097-KSch.KL.0114-01;SRV-G 7 x 16x2.0;3;BLUE;;0
ConduitLink;VL-KSch.KL.0097-KSch.KL.0114-01;SRV-G 7 x 16x2.0;4;YELLOW;*[CabL]:M-002643.1<-->MFG-002650.1(1);14
ConduitLink;VL-KSch.KL.0097-KSch.KL.0114-01;SRV-G 7 x 16x2.0;5;WHITE;;0
ConduitLink;VL-KSch.KL.0097-KSch.KL.0114-01;SRV-G 7 x 16x2.0;6;GREY;*[CabL]:M-002457.1<-->MFG-002650.1(1);14
ConduitLink;VL-KSch.KL.0097-KSch.KL.0114-01;SRV-G 7 x 16x2.0;7;BROWN;;0
Node;KSch.KL.0095;-;0;Handhole;;0
ConduitLink;VL-KSch.KL.0097-KSch.KL.0114-01;SRV-G 7 x 16x2.0;1;RED;;0
ConduitLink;VL-KSch.KL.0097-KSch.KL.0114-01;SRV-G 7 x 16x2.0;2;GREEN;;0
ConduitLink;VL-KSch.KL.0097-KSch.KL.0114-01;SRV-G 7 x 16x2.0;3;BLUE;;0
ConduitLink;VL-KSch.KL.0097-KSch.KL.0114-01;SRV-G 7 x 16x2.0;4;YELLOW;*[CabL]:M-002643.1<-->MFG-002650.1(1);955
ConduitLink;VL-KSch.KL.0097-KSch.KL.0114-01;SRV-G 7 x 16x2.0;5;WHITE;;0
ConduitLink;VL-KSch.KL.0097-KSch.KL.0114-01;SRV-G 7 x 16x2.0;6;GREY;;0
ConduitLink;VL-KSch.KL.0097-KSch.KL.0114-01;SRV-G 7 x 16x2.0;7;BROWN;;0
Node;KSch.KL.0097;-;0;Handhole;;0
Empty;;-;0;;;0
Node;*[DctP]:FP-002497;-;0;Fitting Point;;0
ConduitLink;VL-KSch.KL.0097-KSch.KL.0114-02;SRV-G 7 x 16x2.0;1;RED;;0
ConduitLink;VL-KSch.KL.0097-KSch.KL.0114-02;SRV-G 7 x 16x2.0;2;GREEN;*[CabL]:M-002647.1<-->MFG-002650.1(1);154
ConduitLink;VL-KSch.KL.0097-KSch.KL.0114-02;SRV-G 7 x 16x2.0;3;BLUE;;0
ConduitLink;VL-KSch.KL.0097-KSch.KL.0114-02;SRV-G 7 x 16x2.0;4;YELLOW;;0
ConduitLink;VL-KSch.KL.0097-KSch.KL.0114-02;SRV-G 7 x 16x2.0;5;WHITE;;0
ConduitLink;VL-KSch.KL.0097-KSch.KL.0114-02;SRV-G 7 x 16x2.0;6;GREY;;0
ConduitLink;VL-KSch.KL.0097-KSch.KL.0114-02;SRV-G 7 x 16x2.0;7;BROWN;;0
Node;KSch.KL.0098;-;0;Handhole;;0
Empty;;-;0;;;0
Node;AVt.KL.0003;-;0;MFG18-Sockel;;0
ConduitLink;VL-KSch.KL.0105-AVt.KL.0003-01;SRV-G 7 x 16x2.0;1;RED;*[CabL]:M-002663.1<-->MFG-001921.1(2);130
ConduitLink;VL-KSch.KL.0105-AVt.KL.0003-01;SRV-G 7 x 16x2.0;2;GREEN;*[CabL]:M-002658.1<-->MFG-001921.1(1);130
ConduitLink;VL-KSch.KL.0105-AVt.KL.0003-01;SRV-G 7 x 16x2.0;3;BLUE;*[CabL]:M-002659.1<-->MFG-001921.1(1);130
ConduitLink;VL-KSch.KL.0105-AVt.KL.0003-01;SRV-G 7 x 16x2.0;4;YELLOW;*[CabL]:M-002660.1<-->MFG-001921.1(1);130
ConduitLink;VL-KSch.KL.0105-AVt.KL.0003-01;SRV-G 7 x 16x2.0;5;WHITE;*[CabL]:M-002662.1<-->MFG-001921.1(1);130
ConduitLink;VL-KSch.KL.0105-AVt.KL.0003-01;SRV-G 7 x 16x2.0;6;GREY;*[CabL]:M-002663.1<-->MFG-001921.1(1);130
ConduitLink;VL-KSch.KL.0105-AVt.KL.0003-01;SRV-G 7 x 16x2.0;7;BROWN;;0
Node;KSch.KL.0101;-;0;Handhole;;0
ConduitLink;VL-KSch.KL.0105-AVt.KL.0003-01;SRV-G 7 x 16x2.0;1;RED;*[CabL]:M-002663.1<-->MFG-001921.1(2);64
ConduitLink;VL-KSch.KL.0105-AVt.KL.0003-01;SRV-G 7 x 16x2.0;2;GREEN;;0
ConduitLink;VL-KSch.KL.0105-AVt.KL.0003-01;SRV-G 7 x 16x2.0;3;BLUE;*[CabL]:M-002659.1<-->MFG-001921.1(1);64
ConduitLink;VL-KSch.KL.0105-AVt.KL.0003-01;SRV-G 7 x 16x2.0;4;YELLOW;*[CabL]:M-002660.1<-->MFG-001921.1(1);64
ConduitLink;VL-KSch.KL.0105-AVt.KL.0003-01;SRV-G 7 x 16x2.0;5;WHITE;*[CabL]:M-002662.1<-->MFG-001921.1(1);64
ConduitLink;VL-KSch.KL.0105-AVt.KL.0003-01;SRV-G 7 x 16x2.0;6;GREY;*[CabL]:M-002663.1<-->MFG-001921.1(1);64
ConduitLink;VL-KSch.KL.0105-AVt.KL.0003-01;SRV-G 7 x 16x2.0;7;BROWN;;0
Node;KSch.KL.0102;-;0;Handhole;;0
ConduitLink;VL-KSch.KL.0105-AVt.KL.0003-01;SRV-G 7 x 16x2.0;1;RED;*[CabL]:M-002663.1<-->MFG-001921.1(2);114
ConduitLink;VL-KSch.KL.0105-AVt.KL.0003-01;SRV-G 7 x 16x2.0;2;GREEN;;0
ConduitLink;VL-KSch.KL.0105-AVt.KL.0003-01;SRV-G 7 x 16x2.0;3;BLUE;;0
ConduitLink;VL-KSch.KL.0105-AVt.KL.0003-01;SRV-G 7 x 16x2.0;4;YELLOW;*[CabL]:M-002660.1<-->MFG-001921.1(1);114
ConduitLink;VL-KSch.KL.0105-AVt.KL.0003-01;SRV-G 7 x 16x2.0;5;WHITE;*[CabL]:M-002662.1<-->MFG-001921.1(1);114
ConduitLink;VL-KSch.KL.0105-AVt.KL.0003-01;SRV-G 7 x 16x2.0;6;GREY;*[CabL]:M-002663.1<-->MFG-001921.1(1);114
ConduitLink;VL-KSch.KL.0105-AVt.KL.0003-01;SRV-G 7 x 16x2.0;7;BROWN;;0
Node;KSch.KL.0103;-;0;Handhole;;0
ConduitLink;VL-KSch.KL.0105-AVt.KL.0003-01;SRV-G 7 x 16x2.0;1;RED;*[CabL]:M-002663.1<-->MFG-001921.1(2);300
ConduitLink;VL-KSch.KL.0105-AVt.KL.0003-01;SRV-G 7 x 16x2.0;2;GREEN;;0
ConduitLink;VL-KSch.KL.0105-AVt.KL.0003-01;SRV-G 7 x 16x2.0;3;BLUE;;0
ConduitLink;VL-KSch.KL.0105-AVt.KL.0003-01;SRV-G 7 x 16x2.0;4;YELLOW;;0
ConduitLink;VL-KSch.KL.0105-AVt.KL.0003-01;SRV-G 7 x 16x2.0;5;WHITE;*[CabL]:M-002662.1<-->MFG-001921.1(1);300
ConduitLink;VL-KSch.KL.0105-AVt.KL.0003-01;SRV-G 7 x 16x2.0;6;GREY;*[CabL]:M-002663.1<-->MFG-001921.1(1);300
ConduitLink;VL-KSch.KL.0105-AVt.KL.0003-01;SRV-G 7 x 16x2.0;7;BROWN;;0
Node;KSch.KL.0104;-;0;Handhole;;0
ConduitLink;VL-KSch.KL.0105-AVt.KL.0003-01;SRV-G 7 x 16x2.0;1;RED;*[CabL]:M-002663.1<-->MFG-001921.1(2);112
ConduitLink;VL-KSch.KL.0105-AVt.KL.0003-01;SRV-G 7 x 16x2.0;2;GREEN;;0
ConduitLink;VL-KSch.KL.0105-AVt.KL.0003-01;SRV-G 7 x 16x2.0;3;BLUE;;0
ConduitLink;VL-KSch.KL.0105-AVt.KL.0003-01;SRV-G 7 x 16x2.0;4;YELLOW;;0
ConduitLink;VL-KSch.KL.0105-AVt.KL.0003-01;SRV-G 7 x 16x2.0;5;WHITE;;0
ConduitLink;VL-KSch.KL.0105-AVt.KL.0003-01;SRV-G 7 x 16x2.0;6;GREY;*[CabL]:M-002663.1<-->MFG-001921.1(1);112
ConduitLink;VL-KSch.KL.0105-AVt.KL.0003-01;SRV-G 7 x 16x2.0;7;BROWN;;0
Node;KSch.KL.0105;-;0;Handhole;;0
Empty;;-;0;;;0
Node;AVt.KL.0003;-;0;MFG18-Sockel;;0
ConduitLink;VL-KSch.KL.0108-AVt.KL.0003-01;SRV-G 7 x 16x2.0;1;RED;*[CabL]:M-002656.1<-->MFG-001921.1(1);5
ConduitLink;VL-KSch.KL.0108-AVt.KL.0003-01;SRV-G 7 x 16x2.0;2;GREEN;*[CabL]:M-002702.1<-->MFG-001921.1(1);5
ConduitLink;VL-KSch.KL.0108-AVt.KL.0003-01;SRV-G 7 x 16x2.0;3;BLUE;;0
ConduitLink;VL-KSch.KL.0108-AVt.KL.0003-01;SRV-G 7 x 16x2.0;4;YELLOW;;0
ConduitLink;VL-KSch.KL.0108-AVt.KL.0003-01;SRV-G 7 x 16x2.0;5;WHITE;;0
ConduitLink;VL-KSch.KL.0108-AVt.KL.0003-01;SRV-G 7 x 16x2.0;6;GREY;;0
ConduitLink;VL-KSch.KL.0108-AVt.KL.0003-01;SRV-G 7 x 16x2.0;7;BROWN;;0
Node;KSch.KL.0100;-;0;Handhole;;0
ConduitLink;VL-KSch.KL.0108-AVt.KL.0003-01;SRV-G 7 x 16x2.0;1;RED;;0
ConduitLink;VL-KSch.KL.0108-AVt.KL.0003-01;SRV-G 7 x 16x2.0;2;GREEN;*[CabL]:M-002702.1<-->MFG-001921.1(1);118
ConduitLink;VL-KSch.KL.0108-AVt.KL.0003-01;SRV-G 7 x 16x2.0;3;BLUE;;0
ConduitLink;VL-KSch.KL.0108-AVt.KL.0003-01;SRV-G 7 x 16x2.0;4;YELLOW;;0
ConduitLink;VL-KSch.KL.0108-AVt.KL.0003-01;SRV-G 7 x 16x2.0;5;WHITE;;0
ConduitLink;VL-KSch.KL.0108-AVt.KL.0003-01;SRV-G 7 x 16x2.0;6;GREY;;0
ConduitLink;VL-KSch.KL.0108-AVt.KL.0003-01;SRV-G 7 x 16x2.0;7;BROWN;;0
Node;KSch.KL.0108;-;0;Handhole;;0
Empty;;-;0;;;0
Node;AVt.KL.0004;-;0;MFG18-Sockel;;0
ConduitLink;VL-KSch.KL.0113-AVt.KL.0004-01;SRV-G 7 x 16x2.0;1;RED;*[CabL]:M-002681.1<-->MFG-002118.1(2);61
ConduitLink;VL-KSch.KL.0113-AVt.KL.0004-01;SRV-G 7 x 16x2.0;2;GREEN;*[CabL]:M-002681.1<-->MFG-002118.1(1);61
ConduitLink;VL-KSch.KL.0113-AVt.KL.0004-01;SRV-G 7 x 16x2.0;3;BLUE;;0
ConduitLink;VL-KSch.KL.0113-AVt.KL.0004-01;SRV-G 7 x 16x2.0;4;YELLOW;;0
ConduitLink;VL-KSch.KL.0113-AVt.KL.0004-01;SRV-G 7 x 16x2.0;5;WHITE;;0
ConduitLink;VL-KSch.KL.0113-AVt.KL.0004-01;SRV-G 7 x 16x2.0;6;GREY;;0
ConduitLink;VL-KSch.KL.0113-AVt.KL.0004-01;SRV-G 7 x 16x2.0;7;BROWN;;0
Node;KSch.KL.0113;-;0;Manhole;;0
Empty;;-;0;;;0
Node;AVt.KL.0005;-;0;MFG18-Sockel;;0
ConduitLink;VL-KSch.KL.0114-AVt.KL.0005-01;SRV-G 7 x 16x2.0;1;RED;*[CabL]:M-002653.1<-->MFG-002650.1(2);83
ConduitLink;VL-KSch.KL.0114-AVt.KL.0005-01;SRV-G 7 x 16x2.0;2;GREEN;*[CabL]:M-002647.1<-->MFG-002650.1(1);83
ConduitLink;VL-KSch.KL.0114-AVt.KL.0005-01;SRV-G 7 x 16x2.0;3;BLUE;*[CabL]:M-002640.1<-->MFG-002650.1(1);83
ConduitLink;VL-KSch.KL.0114-AVt.KL.0005-01;SRV-G 7 x 16x2.0;4;YELLOW;*[CabL]:M-002643.1<-->MFG-002650.1(1);83
ConduitLink;VL-KSch.KL.0114-AVt.KL.0005-01;SRV-G 7 x 16x2.0;5;WHITE;*[CabL]:M-002653.1<-->MFG-002650.1(1);83
ConduitLink;VL-KSch.KL.0114-AVt.KL.0005-01;SRV-G 7 x 16x2.0;6;GREY;*[CabL]:M-002457.1<-->MFG-002650.1(1);83
ConduitLink;VL-KSch.KL.0114-AVt.KL.0005-01;SRV-G 7 x 16x2.0;7;BROWN;;0
Node;KSch.KL.0114;-;0;Handhole;;0
Empty;;-;0;;;0
